{
  "n_examples": 6126,
  "n_lemmata": 12,
  "n_senses": 59,
  "nn_accuracy": {
    "dike": 0.8054347826086956,
    "daimon": 0.896551724137931,
    "theos": 0.958139534883721,
    "kosmos": 0.8096,
    "logos": 0.9020531400966184,
    "nomos": 0.9706422018348624,
    "soma": 0.9320945945945946,
    "techne": 0.944375,
    "physis": 0.8943639291465378,
    "charis": 0.9056768558951965,
    "psyche": 0.9653097345132743,
    "arete": 0.9895953757225433
  },
  "pca_variance_5d": 0.4074991047382355
}